{"linreg_0": {"graph": "bar", "data": {"R2": {"fold_0": 0.8820560882789582, "fold_1": 0.8050277471811786, "fold_2": 0.9237435206579696, "fold_3": 0.9123402838045238, "fold_4": 0.9232816599270741}, "R2 ADJ": {"fold_0": 0.8249864535752283, "fold_1": 0.7649649555060783, "fold_2": 0.9137970233524874, "fold_3": 0.9039651516839369, "fold_4": 0.917498870474341}}}, "lstm_1": {"graph": "line", "data": {"fold_0": [1.188007116317749, 0.3774154782295227, 0.17097941040992737, 0.10087289661169052, 0.08283521980047226, 0.04805149883031845, 0.03276095166802406], "fold_1": [0.47449594736099243, 0.06713325530290604, 0.048739369958639145, 0.024791685864329338, 0.01959673874080181, 0.026523420587182045, 0.015452060848474503], "fold_2": [0.5572344064712524, 0.08178239315748215, 0.042792078107595444, 0.014555624686181545, 0.013804195448756218, 0.029621407389640808, 0.01203148066997528], "fold_3": [0.43568652868270874, 0.03765018656849861, 0.021760277450084686, 0.019767895340919495, 0.018919803202152252, 0.011824347078800201, 0.01731858402490616], "fold_4": [0.3288358151912689, 0.02403550036251545, 0.01595393568277359, 0.023751361295580864, 0.015163258649408817, 0.013359954580664635, 0.016028260812163353]}}, "tcn_2": {"graph": "line", "data": {"fold_0": [138.90573120117188, 17.528533935546875, 12.425066947937012, 11.901652336120605, 7.842200756072998, 8.27112865447998, 6.401132106781006], "fold_1": [117.56753540039062, 17.22684097290039, 11.14378547668457, 8.076826095581055, 8.25521469116211, 4.53655481338501, 4.593266010284424], "fold_2": [41.334529876708984, 8.97716999053955, 5.604118824005127, 3.814830780029297, 2.0721874237060547, 1.3929662704467773, 1.2821921110153198], "fold_3": [47.29936599731445, 8.990547180175781, 4.582022666931152, 3.601822853088379, 2.70434308052063, 1.9888321161270142, 1.3654307126998901], "fold_4": [33.91135787963867, 4.394406795501709, 2.733414649963379, 1.9904698133468628, 1.2118475437164307, 1.086240530014038, 0.7281554937362671]}}}