{"linreg_0": {"graph": "bar", "data": {"R2": {"fold_0": 0.9965026431514382, "fold_1": 0.996969363532487, "fold_2": 0.9968148376591367, "fold_3": 0.9978873063538962, "fold_4": 0.9991453472548226}, "R2 ADJ": {"fold_0": 0.9964619959047721, "fold_1": 0.9969518496208039, "fold_2": 0.9968025889976753, "fold_3": 0.9978812186305793, "fold_4": 0.9991433781979076}}}, "lstm_1": {"graph": "line", "data": {"fold_0": [0.06790618598461151, 0.014099388383328915, 0.011726542375981808, 0.008948457427322865, 0.00839083269238472, 0.006999630481004715, 0.006566338241100311], "fold_1": [0.03080190345644951, 0.010118884034454823, 0.007872157730162144, 0.00639517093077302, 0.005322498735040426, 0.004708520602434874, 0.004220513626933098], "fold_2": [0.0321529358625412, 0.008527159690856934, 0.006260497495532036, 0.004931621253490448, 0.004210419952869415, 0.003451537573710084, 0.0029702854808419943], "fold_3": [0.029227809980511665, 0.006808225531131029, 0.005225237458944321, 0.00428432784974575, 0.003738701343536377, 0.003300429554656148, 0.0029234574176371098], "fold_4": [0.022879868745803833, 0.00609669741243124, 0.004342624451965094, 0.0031866321805864573, 0.0024809674359858036, 0.001926043420098722, 0.0014698589220643044]}}, "tcn_2": {"graph": "line", "data": {"fold_0": [0.7572277784347534, 0.08248472958803177, 0.05212578549981117, 0.03405601158738136, 0.026129500940442085, 0.022597773000597954, 0.018421201035380363], "fold_1": [1.4590532779693604, 0.0615813322365284, 0.031022338196635246, 0.021425310522317886, 0.015238184481859207, 0.01169552095234394, 0.009863701649010181], "fold_2": [0.3164984881877899, 0.031508658081293106, 0.01713591068983078, 0.01146584004163742, 0.00799266155809164, 0.005421381443738937, 0.004090004600584507], "fold_3": [0.07595450431108475, 0.010123604908585548, 0.005888630170375109, 0.004098363686352968, 0.002893336582928896, 0.002226565731689334, 0.0018822202691808343], "fold_4": [0.15366636216640472, 0.01421629823744297, 0.007040949072688818, 0.0038101638201624155, 0.002336114412173629, 0.001549578970298171, 0.0011662290198728442]}}}