{"linreg_0": {"graph": "bar", "data": {"R2": {"fold_0": 0.8820560882789582, "fold_1": 0.8050277471811786, "fold_2": 0.9237435206579696, "fold_3": 0.9123402838045238, "fold_4": 0.9232816599270741}, "R2 ADJ": {"fold_0": 0.8249864535752283, "fold_1": 0.7649649555060783, "fold_2": 0.9137970233524874, "fold_3": 0.9039651516839369, "fold_4": 0.917498870474341}}}, "lstm_1": {"graph": "line", "data": {"fold_0": [0.8501956462860107, 0.2321127951145172, 0.09612176567316055, 0.0752921923995018, 0.045401476323604584, 0.026802189648151398, 0.009418053552508354], "fold_1": [0.8226155638694763, 0.14691327512264252, 0.10572811961174011, 0.07453574240207672, 0.053271252661943436, 0.03821530193090439, 0.03435530513525009], "fold_2": [0.5148735642433167, 0.06970489770174026, 0.03307769075036049, 0.02311442419886589, 0.013595441356301308, 0.0188102126121521, 0.010720992460846901], "fold_3": [0.3207131624221802, 0.024512367323040962, 0.016254009678959846, 0.026824017986655235, 0.009152836166322231, 0.013751155696809292, 0.01828400418162346], "fold_4": [0.2671573758125305, 0.016771990805864334, 0.01995190978050232, 0.01748102903366089, 0.016638515517115593, 0.013405350968241692, 0.014469544403254986]}}, "tcn_2": {"graph": "line", "data": {"fold_0": [235.5792694091797, 35.37413787841797, 17.172367095947266, 22.291898727416992, 6.3359694480896, 8.577014923095703, 12.13560962677002], "fold_1": [83.3144760131836, 11.096155166625977, 11.530900955200195, 5.66803503036499, 5.250433444976807, 4.307302474975586, 4.559737682342529], "fold_2": [311.8368835449219, 28.027177810668945, 13.642868041992188, 12.373157501220703, 11.297385215759277, 7.016071796417236, 6.146914958953857], "fold_3": [101.2530288696289, 8.09189224243164, 7.445972442626953, 5.626846790313721, 4.156354904174805, 3.363074779510498, 2.442319869995117], "fold_4": [39.98493957519531, 6.386016368865967, 4.680260181427002, 2.8149781227111816, 1.7212156057357788, 0.8818618655204773, 0.8182622194290161]}}}