{"linreg_0": {"graph": "bar", "data": {"R2": {"fold_0": 0.9817692916596191, "fold_1": 0.9839095051955461, "fold_2": 0.9821513858062336, "fold_3": 0.9890211488044321, "fold_4": 0.995573933176579}, "R2 ADJ": {"fold_0": 0.9806178785012792, "fold_1": 0.9834163099524977, "fold_2": 0.9817901996842687, "fold_3": 0.9888553260047508, "fold_4": 0.9955206070702728}}}, "lstm_1": {"graph": "line", "data": {"fold_0": [0.234235942363739, 0.033700354397296906, 0.01606336608529091, 0.024751104414463043, 0.020281167700886726, 0.015078801661729813, 0.014270519837737083, 0.01673862524330616, 0.013059427961707115, 0.011347528547048569, 0.01800226792693138, 0.010983320884406567, 0.012118136510252953, 0.013141846284270287, 0.00899747759103775], "fold_1": [0.11621782928705215, 0.023344343528151512, 0.01518200058490038, 0.016580473631620407, 0.014039468951523304, 0.01060579251497984, 0.01230106595903635, 0.010314630344510078, 0.008174428716301918, 0.008712606504559517, 0.009894509799778461, 0.008282414637506008, 0.006781779229640961, 0.007457021623849869, 0.008491918444633484], "fold_2": [0.08743488788604736, 0.020060118287801743, 0.014205273240804672, 0.013418834656476974, 0.010411749593913555, 0.009658768773078918, 0.008901404216885567, 0.008919854648411274, 0.007391883991658688, 0.007808344904333353, 0.007094948552548885, 0.006517412606626749, 0.00647751847282052, 0.0063071781769394875, 0.005574947223067284], "fold_3": [0.058390870690345764, 0.017174892127513885, 0.01306803897023201, 0.011275562457740307, 0.009868675842881203, 0.009222762659192085, 0.00818628165870905, 0.007421028334647417, 0.006901021581143141, 0.0065747578628361225, 0.00638046208769083, 0.005633481312543154, 0.005362004041671753, 0.005391330923885107, 0.0050679827108979225], "fold_4": [0.04436762258410454, 0.014674610458314419, 0.010581682436168194, 0.009454947896301746, 0.008377795107662678, 0.0077468655072152615, 0.006479214411228895, 0.006362574175000191, 0.00543817738071084, 0.005126593168824911, 0.004947168752551079, 0.0046321069821715355, 0.004273387603461742, 0.003802686231210828, 0.003894431982189417]}}, "tcn_2": {"graph": "line", "data": {"fold_0": [2.5190935134887695, 0.2845729887485504, 0.18982034921646118, 0.13156041502952576, 0.1383735090494156, 0.10562898218631744, 0.09352460503578186, 0.08309291303157806, 0.07410723716020584, 0.06869232654571533, 0.05734756961464882, 0.06081564724445343, 0.047894686460494995, 0.050678227096796036, 0.04467880725860596], "fold_1": [2.806952953338623, 0.2189609408378601, 0.11553195118904114, 0.08964113891124725, 0.08160252869129181, 0.07111372798681259, 0.06397347897291183, 0.0498090423643589, 0.04749169945716858, 0.0383727140724659, 0.042197611182928085, 0.038050442934036255, 0.03180322051048279, 0.030978547409176826, 0.029070667922496796], "fold_2": [0.26439496874809265, 0.04752516373991966, 0.03219792619347572, 0.02325979247689247, 0.018349668011069298, 0.018377266824245453, 0.014385214075446129, 0.012929865159094334, 0.0114605026319623, 0.011590325273573399, 0.008865393698215485, 0.008210861124098301, 0.0070001836866140366, 0.007011995650827885, 0.006897217594087124], "fold_3": [0.4009748697280884, 0.05961804464459419, 0.03747308999300003, 0.02738773636519909, 0.02174251526594162, 0.01968313939869404, 0.01580413244664669, 0.013643410988152027, 0.011111811734735966, 0.010478202253580093, 0.00904083251953125, 0.007853959687054157, 0.00751343322917819, 0.00650072144344449, 0.0062265172600746155], "fold_4": [0.6294765472412109, 0.07239861786365509, 0.04076635465025902, 0.030695535242557526, 0.022989943623542786, 0.018389631062746048, 0.016049824655056, 0.013651053421199322, 0.011888256296515465, 0.010223614051938057, 0.00899554044008255, 0.008453409187495708, 0.007413395680487156, 0.006495343055576086, 0.006490201223641634]}}}