{"linreg_0": {"graph": "bar", "data": {"R2": {"fold_0": 0.9965026431514382, "fold_1": 0.996969363532487, "fold_2": 0.9968148376591367, "fold_3": 0.9978873063538962, "fold_4": 0.9991453472548226}, "R2 ADJ": {"fold_0": 0.9964619959047721, "fold_1": 0.9969518496208039, "fold_2": 0.9968025889976753, "fold_3": 0.9978812186305793, "fold_4": 0.9991433781979076}}}, "lstm_1": {"graph": "line", "data": {"fold_0": [0.08780518174171448, 0.016422968357801437, 0.011090224608778954, 0.009517818689346313, 0.008544934913516045, 0.007500788662582636, 0.006297333166003227], "fold_1": [0.04509330913424492, 0.010596762411296368, 0.007492120377719402, 0.006631525699049234, 0.005673780106008053, 0.005021965596824884, 0.0042868503369390965], "fold_2": [0.03512851148843765, 0.00871167704463005, 0.006577937863767147, 0.004940487910062075, 0.00426780479028821, 0.003580475226044655, 0.0030013511423021555], "fold_3": [0.02306143380701542, 0.006885003764182329, 0.005009465850889683, 0.004114602226763964, 0.0033853156492114067, 0.002733049914240837, 0.002491915365681052], "fold_4": [0.01745404489338398, 0.005900244694203138, 0.004440201446413994, 0.003302923869341612, 0.0025723925791680813, 0.0019747617188841105, 0.0014989904593676329]}}, "tcn_2": {"graph": "line", "data": {"fold_0": [450230.84375, 84.6649398803711, 16.408878326416016, 8.161174774169922, 5.179450988769531, 3.2008330821990967, 2.2269234657287598], "fold_1": [9095459.0, 55.68811798095703, 11.759970664978027, 5.734287261962891, 3.9040169715881348, 3.0555670261383057, 2.0682055950164795], "fold_2": [1948855.625, 11.45556926727295, 3.9268038272857666, 2.4908957481384277, 1.8598653078079224, 1.5358340740203857, 1.26326322555542], "fold_3": [759720.375, 7.612154483795166, 2.4030916690826416, 1.3888986110687256, 0.9417297840118408, 0.7436284422874451, 0.5723344087600708], "fold_4": [5846139.5, 5.311055660247803, 1.853391170501709, 1.0001399517059326, 0.7232863306999207, 0.5754045844078064, 0.42336776852607727]}}}