{"linreg_0": {"graph": "bar", "data": {"R2": {"fold_0": 0.9962226934847219, "fold_1": 0.9967330850160401, "fold_2": 0.9965956019058302, "fold_3": 0.9977495296223323, "fold_4": 0.9990911329052439}, "R2 ADJ": {"fold_0": 0.9961953744887098, "fold_1": 0.9967213109351272, "fold_2": 0.9965874313504042, "fold_3": 0.997745481042857, "fold_4": 0.9990898253082343}}}, "lstm_1": {"graph": "line", "data": {"fold_0": [0.07305854558944702, 0.017428860068321228, 0.013640621677041054, 0.01205171924084425, 0.01105412282049656, 0.009008295834064484, 0.008057649247348309], "fold_1": [0.04888403043150902, 0.012886948883533478, 0.009445053525269032, 0.007835611701011658, 0.006353412754833698, 0.005219303537160158, 0.004460692405700684], "fold_2": [0.03729723021388054, 0.010252484120428562, 0.00757848285138607, 0.0060638380236923695, 0.004672377835959196, 0.0036600197199732065, 0.0028435213025659323], "fold_3": [0.029706666246056557, 0.008560211397707462, 0.006158926989883184, 0.004651858005672693, 0.0035074243787676096, 0.0027609553653746843, 0.0020675871055573225], "fold_4": [0.020226752385497093, 0.006896117702126503, 0.00453426456078887, 0.0030132972169667482, 0.0019196298671886325, 0.0012219382915645838, 0.0007835108553990722]}}, "tcn_2": {"graph": "line", "data": {"fold_0": [3.624221086502075, 0.18547901511192322, 0.07664129883050919, 0.04847197234630585, 0.036863356828689575, 0.03130054473876953, 0.029315246269106865], "fold_1": [4.158862113952637, 0.07494613528251648, 0.036999356001615524, 0.026078328490257263, 0.01875794306397438, 0.014386112801730633, 0.011733205989003181], "fold_2": [1.0889365673065186, 0.03457954153418541, 0.022147348150610924, 0.01508073229342699, 0.010566954500973225, 0.007166984956711531, 0.004644483327865601], "fold_3": [1.009236216545105, 0.028059957548975945, 0.017731335014104843, 0.012258381582796574, 0.00871617253869772, 0.00598186906427145, 0.003993883263319731], "fold_4": [0.9149171710014343, 0.022297440096735954, 0.012825088575482368, 0.007390541024506092, 0.0034812455996870995, 0.0014749874826520681, 0.0008348144474439323]}}}