{"linreg_0": {"graph": "bar", "data": {"R2": {"fold_0": 0.9965026431514382, "fold_1": 0.996969363532487, "fold_2": 0.9968148376591367, "fold_3": 0.9978873063538962, "fold_4": 0.9991453472548226}, "R2 ADJ": {"fold_0": 0.9964619959047721, "fold_1": 0.9969518496208039, "fold_2": 0.9968025889976753, "fold_3": 0.9978812186305793, "fold_4": 0.9991433781979076}}}, "lstm_1": {"graph": "line", "data": {"fold_0": [0.10762850940227509, 0.01328558474779129, 0.011604833416640759, 0.008264301344752312, 0.007513779681175947, 0.006277917884290218, 0.006328109186142683], "fold_1": [0.048862114548683167, 0.00982881709933281, 0.007602933794260025, 0.006206991616636515, 0.005251303780823946, 0.004731663502752781, 0.0040894425474107265], "fold_2": [0.026401357725262642, 0.0084655387327075, 0.005887126084417105, 0.004850111436098814, 0.0040842825546860695, 0.0032680314034223557, 0.0027945584151893854], "fold_3": [0.028919491916894913, 0.007488090544939041, 0.005480979569256306, 0.0041707842610776424, 0.003311110893264413, 0.002654814161360264, 0.0021885870955884457], "fold_4": [0.019473109394311905, 0.006173435132950544, 0.004417350981384516, 0.003441892797127366, 0.0026368731632828712, 0.0020745440851897, 0.0015061800368130207]}}, "tcn_2": {"graph": "line", "data": {"fold_0": [5.979609966278076, 0.2800757884979248, 0.06835159659385681, 0.041611652821302414, 0.027160201221704483, 0.0208775345236063, 0.01937895640730858], "fold_1": [8.006400108337402, 0.05891752243041992, 0.02471294440329075, 0.016065146774053574, 0.01167936809360981, 0.009088294580578804, 0.006694720592349768], "fold_2": [1.9059933423995972, 0.022942425683140755, 0.013230831362307072, 0.008525488898158073, 0.004954376257956028, 0.0024051163345575333, 0.0010181742254644632], "fold_3": [3.360492706298828, 0.022491974756121635, 0.011388060636818409, 0.00653291679918766, 0.003124175826087594, 0.001208162517286837, 0.0006994656869210303], "fold_4": [1.6127567291259766, 0.014020106755197048, 0.00754165044054389, 0.0038333036936819553, 0.0017574959201738238, 0.0009746638243086636, 0.0008115627570077777]}}}