{"linreg_0": {"graph": "bar", "data": {"R2": {"fold_0": 0.8820560882789582, "fold_1": 0.8050277471811786, "fold_2": 0.9237435206579696, "fold_3": 0.9123402838045238, "fold_4": 0.9232816599270741}, "R2 ADJ": {"fold_0": 0.8249864535752283, "fold_1": 0.7649649555060783, "fold_2": 0.9137970233524874, "fold_3": 0.9039651516839369, "fold_4": 0.917498870474341}}}, "lstm_1": {"graph": "line", "data": {"fold_0": [1.0500283241271973, 0.35014158487319946, 0.1278546154499054, 0.09503983706235886, 0.05748273432254791, 0.055469561368227005, 0.03570486605167389], "fold_1": [0.5508803129196167, 0.111084945499897, 0.05786842852830887, 0.05491609498858452, 0.037090837955474854, 0.029918141663074493, 0.03463076055049896], "fold_2": [0.3934239149093628, 0.04803936555981636, 0.019481470808386803, 0.020791390910744667, 0.020649075508117676, 0.006804384291172028, 0.01290167961269617], "fold_3": [0.25553765892982483, 0.030426206067204475, 0.019487746059894562, 0.020601598545908928, 0.017579350620508194, 0.02130883000791073, 0.007517712656408548], "fold_4": [0.4059150815010071, 0.014502055011689663, 0.017655503004789352, 0.018659252673387527, 0.01611233875155449, 0.00997302308678627, 0.016208285465836525]}}, "tcn_2": {"graph": "line", "data": {"fold_0": [192.06735229492188, 22.465576171875, 23.178987503051758, 13.48292350769043, 15.161063194274902, 13.223828315734863, 9.52354907989502], "fold_1": [127.58470916748047, 15.339722633361816, 11.332941055297852, 9.21168041229248, 6.609908580780029, 7.376750469207764, 6.715193748474121], "fold_2": [102.97866821289062, 10.043400764465332, 10.197357177734375, 5.308082580566406, 4.8231964111328125, 3.4181525707244873, 2.209969997406006], "fold_3": [39.442134857177734, 5.739279747009277, 5.000135898590088, 2.6546437740325928, 1.6509326696395874, 1.3921948671340942, 1.221785068511963], "fold_4": [160.52540588378906, 21.453351974487305, 10.333843231201172, 7.060479164123535, 5.775856018066406, 4.412781715393066, 3.229376792907715]}}}