{"linreg_0": {"graph": "bar", "data": {"R2": {"fold_0": 0.9962226934847219, "fold_1": 0.9967330850160401, "fold_2": 0.9965956019058302, "fold_3": 0.9977495296223323, "fold_4": 0.9990911329052439}, "R2 ADJ": {"fold_0": 0.9961953744887098, "fold_1": 0.9967213109351272, "fold_2": 0.9965874313504042, "fold_3": 0.997745481042857, "fold_4": 0.9990898253082343}}}, "lstm_1": {"graph": "line", "data": {"fold_0": [0.09347027540206909, 0.013863436877727509, 0.010592645034193993, 0.009484709240496159, 0.0079287588596344, 0.0073503777384757996, 0.006524242460727692], "fold_1": [0.05048595368862152, 0.010656651109457016, 0.007942363619804382, 0.006575009785592556, 0.005383456125855446, 0.004962384235113859, 0.004336105193942785], "fold_2": [0.03849693760275841, 0.008486523292958736, 0.006170319858938456, 0.005026763305068016, 0.004126290325075388, 0.0034823508467525244, 0.0029104638379067183], "fold_3": [0.026436127722263336, 0.006906632333993912, 0.005018941126763821, 0.004055572208017111, 0.003171501448377967, 0.0026245303452014923, 0.002151346765458584], "fold_4": [0.021006839349865913, 0.006021347362548113, 0.004118828568607569, 0.0030465740710496902, 0.002315614838153124, 0.001809983979910612, 0.0013693026266992092]}}, "tcn_2": {"graph": "line", "data": {"fold_0": [3.5891025066375732, 0.11843428760766983, 0.05247068405151367, 0.03281914442777634, 0.026563672348856926, 0.018778352066874504, 0.017336221411824226, 0.01660434901714325, 0.015048626810312271, 0.012766193598508835], "fold_1": [1.7913416624069214, 0.04372351989150047, 0.024862969294190407, 0.01963518187403679, 0.015053167939186096, 0.012951245531439781, 0.01144504826515913, 0.010127070359885693, 0.008689525537192822, 0.008007959462702274], "fold_2": [0.5478417277336121, 0.025198638439178467, 0.01630166545510292, 0.012719066813588142, 0.009783620946109295, 0.00772691098973155, 0.006196008995175362, 0.0052249920554459095, 0.004014734644442797, 0.00322155375033617], "fold_3": [1.1810970306396484, 0.02173454686999321, 0.01473784539848566, 0.012007075361907482, 0.009623371064662933, 0.007737733889371157, 0.00665364321321249, 0.005759746301919222, 0.005128133110702038, 0.004275281447917223], "fold_4": [0.9051902890205383, 0.01666180044412613, 0.010639282874763012, 0.007800078019499779, 0.0059322877787053585, 0.004653305280953646, 0.003466926282271743, 0.002670096233487129, 0.00204637018032372, 0.001606697915121913]}}}