{"linreg_0": {"graph": "bar", "data": {"R2": {"fold_0": 0.9963910427996888, "fold_1": 0.9968970817192634, "fold_2": 0.9967627953804822, "fold_3": 0.997839767792201, "fold_4": 0.9991307835380868}, "R2 ADJ": {"fold_0": 0.9963684433567196, "fold_1": 0.9968873967402359, "fold_2": 0.9967560663014842, "fold_3": 0.9978364017345837, "fold_4": 0.9991297003503946}}}, "lstm_1": {"graph": "line", "data": {"fold_0": [0.10248777270317078, 0.017217298969626427, 0.01125740259885788, 0.009035377763211727, 0.007190797943621874, 0.006395290605723858, 0.005752175115048885], "fold_1": [0.047634921967983246, 0.009913344867527485, 0.007355178706347942, 0.0057532573118805885, 0.004814774729311466, 0.004244059324264526, 0.003764539724215865], "fold_2": [0.04917348921298981, 0.007277876604348421, 0.005393464583903551, 0.00432390533387661, 0.003714298829436302, 0.003230390837416053, 0.0028667885344475508], "fold_3": [0.024165641516447067, 0.006391303613781929, 0.004686840809881687, 0.0036894516088068485, 0.0029340561013668776, 0.0022517326287925243, 0.0018718695500865579], "fold_4": [0.02518715336918831, 0.005507152061909437, 0.003991949371993542, 0.0031409815419465303, 0.002584171947091818, 0.0020691740792244673, 0.0016632579499855638]}}, "tcn_2": {"graph": "line", "data": {"fold_0": [6.3829474449157715, 0.16870136559009552, 0.08204413950443268, 0.05393705144524574, 0.041152361780405045, 0.032499391585588455, 0.02806219458580017, 0.024210909381508827, 0.020226042717695236, 0.020686713978648186], "fold_1": [1.590468406677246, 0.05391840636730194, 0.033149123191833496, 0.024161580950021744, 0.01971978135406971, 0.016393110156059265, 0.014017099514603615, 0.01219749916344881, 0.010615351609885693, 0.009080961346626282], "fold_2": [1.273868203163147, 0.03514723479747772, 0.021419329568743706, 0.0149603970348835, 0.01133903581649065, 0.008440188132226467, 0.006436898838728666, 0.004986539948731661, 0.0039636665023863316, 0.0031698718667030334], "fold_3": [0.9549281597137451, 0.023829998448491096, 0.014203367754817009, 0.010045252740383148, 0.0074129728600382805, 0.0053895339369773865, 0.003961967304348946, 0.0029327752999961376, 0.0020940150134265423, 0.001496808836236596], "fold_4": [1.2393909692764282, 0.016382981091737747, 0.010197113268077374, 0.007221024949103594, 0.0052594817243516445, 0.0036434533540159464, 0.0027750330045819283, 0.0019984301179647446, 0.0015330605674535036, 0.0011571283685043454]}}}